id,number,session,prolific,Demog_AGE,Demog_Sex,Demog_Field,Demog_High_Ed_Lev,NEP_1,NEP_2,NEP_3,NEP_4,NEP_5,NEP_6,NEP_7,NEP_8,NEP_9,NEP_10,NEP_11,NEP_12,NEP_13,NEP_14,NEP_15,Charity_LIKE,Charity_TRUST,Charity_LIKELY,Charity_DONATION_DONE
ahmvkeos,68,ejnanr0h,5f1c62b6554a0f4f129c75fd,21.0,1.0,1.0,2.0,3.0,2.0,4.0,2.0,5.0,3.0,4.0,3.0,4.0,2.0,3.0,2.0,4.0,3.0,5.0,3.0,4.0,2.0,2.0
63nz1n4p,39,ejnanr0h,5a940f1f4eecca0001dd3181,28.0,2.0,4.0,2.0,3.0,2.0,4.0,4.0,5.0,3.0,4.0,2.0,5.0,2.0,3.0,1.0,4.0,4.0,4.0,2.0,3.0,4.0,2.0
ae538dja,67,ejnanr0h,608195d5c0200b6b1dd9c497,24.0,1.0,4.0,3.0,3.0,4.0,5.0,4.0,5.0,4.0,5.0,2.0,5.0,1.0,4.0,1.0,4.0,2.0,5.0,3.0,4.0,4.0,2.0
tpr3tcqc,243,ejnanr0h,5e201890d6b7e131dd2bb2dd,22.0,1.0,1.0,2.0,4.0,4.0,4.0,2.0,5.0,4.0,4.0,2.0,4.0,1.0,4.0,2.0,4.0,4.0,5.0,4.0,4.0,4.0,2.0
xaod88b1,275,ejnanr0h,5e9d85d30b8c7c057f5a88ff,26.0,1.0,1.0,4.0,3.0,2.0,4.0,2.0,5.0,4.0,5.0,2.0,4.0,1.0,3.0,1.0,3.0,2.0,5.0,3.0,3.0,3.0,2.0
4etuouyv,31,ejnanr0h,59fc4d227542890001aa5e98,28.0,1.0,1.0,3.0,2.0,2.0,4.0,4.0,4.0,4.0,4.0,2.0,4.0,1.0,2.0,2.0,5.0,2.0,5.0,3.0,3.0,3.0,2.0
r12z7h7m,206,ejnanr0h,6128a3db67305ef94021fcd7,30.0,2.0,1.0,3.0,5.0,2.0,5.0,2.0,5.0,4.0,5.0,3.0,5.0,1.0,4.0,3.0,4.0,4.0,4.0,5.0,4.0,4.0,1.0
e08spc7m,93,ejnanr0h,5ecdc457c4b241140ab35e2b,22.0,1.0,5.0,1.0,3.0,3.0,4.0,2.0,4.0,2.0,4.0,2.0,4.0,2.0,4.0,3.0,4.0,3.0,4.0,4.0,5.0,4.0,2.0
ecwn8nyz,98,ejnanr0h,56d1f7f67bbc32000589a588,20.0,1.0,4.0,1.0,1.0,4.0,1.0,4.0,1.0,5.0,4.0,5.0,2.0,4.0,1.0,5.0,2.0,5.0,1.0,1.0,2.0,1.0,2.0
d9gubaq5,89,ejnanr0h,6141f62294ff9bf9d89e8897,29.0,1.0,4.0,3.0,4.0,2.0,4.0,3.0,5.0,3.0,5.0,3.0,4.0,2.0,4.0,4.0,4.0,4.0,4.0,3.0,4.0,3.0,2.0
pw7g5nfy,193,ejnanr0h,6575a21552774fe562fecb1b,22.0,1.0,1.0,3.0,4.0,2.0,4.0,2.0,5.0,3.0,5.0,2.0,5.0,2.0,3.0,2.0,4.0,3.0,5.0,3.0,2.0,1.0,2.0
t10d3kik,230,ejnanr0h,6400e1cd167c9759d2bb1b17,22.0,2.0,6.0,3.0,4.0,4.0,3.0,2.0,4.0,3.0,4.0,3.0,3.0,3.0,4.0,2.0,4.0,4.0,4.0,3.0,3.0,3.0,2.0
bz8k4no7,76,ejnanr0h,63655432e66823b2595ee761,20.0,2.0,5.0,1.0,4.0,2.0,5.0,2.0,5.0,4.0,2.0,2.0,5.0,1.0,5.0,2.0,2.0,2.0,5.0,2.0,2.0,1.0,1.0
vd0zp8xx,259,ejnanr0h,5eff5f05b92981000a2aed73,27.0,1.0,1.0,2.0,2.0,4.0,4.0,2.0,3.0,4.0,4.0,4.0,5.0,5.0,2.0,2.0,4.0,4.0,2.0,1.0,2.0,1.0,2.0
u0v05h4e,250,ejnanr0h,5ecf36da6c860334c1606977,29.0,2.0,1.0,2.0,5.0,2.0,5.0,3.0,5.0,4.0,5.0,2.0,5.0,1.0,5.0,1.0,5.0,3.0,5.0,4.0,3.0,2.0,2.0
06qlsb01,2,ejnanr0h,6017f6742d7cc9ad4f98fb4d,23.0,2.0,4.0,1.0,3.0,3.0,4.0,2.0,4.0,4.0,4.0,3.0,5.0,2.0,2.0,2.0,3.0,1.0,4.0,4.0,4.0,4.0,1.0
khco2urf,150,ejnanr0h,5f38251e3cec500d267efb92,22.0,2.0,4.0,3.0,4.0,4.0,4.0,4.0,5.0,4.0,3.0,2.0,5.0,2.0,2.0,3.0,5.0,5.0,4.0,2.0,5.0,1.0,2.0
73bmbyro,50,ejnanr0h,63d40b4e0dd2e63262f403df,20.0,2.0,1.0,2.0,4.0,3.0,4.0,2.0,5.0,2.0,5.0,2.0,5.0,1.0,4.0,1.0,4.0,3.0,4.0,3.0,3.0,1.0,2.0
0h5lhyv7,5,ejnanr0h,5ad614eb33a3ab0001fa62cd,23.0,1.0,1.0,1.0,4.0,2.0,5.0,2.0,5.0,4.0,5.0,2.0,5.0,1.0,4.0,1.0,5.0,3.0,4.0,4.0,4.0,4.0,2.0
qgrawy18,197,ejnanr0h,600959b17473895801425313,19.0,2.0,5.0,1.0,4.0,3.0,2.0,4.0,4.0,4.0,2.0,4.0,3.0,2.0,2.0,4.0,2.0,1.0,3.0,2.0,3.0,2.0,2.0
vzu16svf,263,ejnanr0h,5ae9cde00335e200019e9eed,27.0,1.0,5.0,1.0,4.0,2.0,4.0,3.0,4.0,4.0,4.0,2.0,4.0,2.0,4.0,1.0,4.0,2.0,3.0,2.0,2.0,3.0,2.0
llk6e4wo,161,ejnanr0h,5f08dafa392f74145122c0ee,24.0,2.0,1.0,2.0,2.0,2.0,3.0,4.0,4.0,3.0,5.0,3.0,5.0,2.0,3.0,3.0,4.0,3.0,4.0,3.0,3.0,3.0,2.0
u0r4qxf4,249,ejnanr0h,660426c77cfdba4c55b28127,18.0,1.0,4.0,1.0,3.0,4.0,2.0,3.0,4.0,4.0,5.0,3.0,5.0,2.0,3.0,2.0,4.0,2.0,4.0,3.0,4.0,3.0,2.0
90mty17o,60,ejnanr0h,5f53f6458dff8f755bac4a9d,23.0,2.0,1.0,1.0,5.0,4.0,5.0,5.0,5.0,5.0,4.0,2.0,5.0,1.0,5.0,4.0,5.0,5.0,5.0,3.0,5.0,1.0,2.0
pp1s7hdb,192,ejnanr0h,5aeabb67ba2926000102f644,21.0,2.0,1.0,1.0,3.0,4.0,5.0,4.0,4.0,5.0,3.0,2.0,4.0,2.0,1.0,3.0,4.0,5.0,4.0,3.0,3.0,1.0,2.0
tqd9vcvy,244,ejnanr0h,5e8fc56be9fe622b8bd9069b,23.0,1.0,5.0,5.0,2.0,5.0,3.0,4.0,3.0,4.0,2.0,2.0,5.0,4.0,4.0,4.0,4.0,1.0,3.0,3.0,3.0,1.0,2.0
eh5zdxcc,99,agd8838q,5c49feff71e01d00019376a6,20.0,1.0,1.0,1.0,3.0,2.0,5.0,5.0,5.0,3.0,4.0,2.0,4.0,1.0,4.0,2.0,4.0,2.0,5.0,2.0,3.0,4.0,2.0
lafwwp20,160,agd8838q,60aecded93eb495d413a482b,30.0,1.0,5.0,2.0,3.0,4.0,4.0,4.0,5.0,4.0,3.0,2.0,4.0,2.0,4.0,4.0,5.0,3.0,4.0,4.0,5.0,4.0,1.0
hpbz12hw,128,agd8838q,5efa27ec1c76730eff3dad8e,26.0,1.0,1.0,3.0,2.0,4.0,5.0,4.0,5.0,2.0,5.0,1.0,5.0,1.0,2.0,1.0,5.0,2.0,4.0,4.0,4.0,4.0,2.0
a9pkkr8r,66,agd8838q,611fa7b279901f96a0e5f2e3,29.0,1.0,4.0,3.0,4.0,1.0,4.0,4.0,5.0,1.0,5.0,1.0,5.0,1.0,3.0,1.0,5.0,3.0,5.0,3.0,4.0,3.0,2.0
jleuwys3,139,agd8838q,65bcf5c0f730b4ea75398560,23.0,1.0,4.0,3.0,4.0,3.0,4.0,2.0,4.0,5.0,2.0,2.0,5.0,2.0,4.0,2.0,4.0,2.0,4.0,3.0,3.0,2.0,2.0
tz3k6ucy,248,agd8838q,5e573ce57a25e30f431f8994,25.0,1.0,1.0,3.0,3.0,2.0,4.0,3.0,4.0,4.0,3.0,2.0,5.0,1.0,3.0,2.0,5.0,2.0,5.0,2.0,3.0,3.0,2.0
sv1cr09g,229,agd8838q,63468c2501e33edb7ecf1907,20.0,2.0,4.0,2.0,2.0,4.0,5.0,2.0,4.0,3.0,4.0,2.0,5.0,2.0,3.0,2.0,4.0,2.0,5.0,4.0,5.0,4.0,2.0
ja63t66h,136,agd8838q,5c1a6bd8f9250d0001b7c589,19.0,1.0,2.0,2.0,4.0,2.0,5.0,4.0,5.0,5.0,5.0,1.0,4.0,1.0,2.0,2.0,4.0,4.0,5.0,3.0,4.0,4.0,2.0
gunz2elh,118,agd8838q,63d14582237c845de5fdf1a9,22.0,1.0,3.0,1.0,4.0,3.0,4.0,3.0,5.0,4.0,5.0,1.0,5.0,1.0,4.0,2.0,4.0,2.0,5.0,2.0,2.0,3.0,1.0
l3pjs0q0,158,agd8838q,6004903f8bbd67605853c5bf,21.0,1.0,5.0,2.0,5.0,2.0,4.0,2.0,5.0,2.0,5.0,2.0,5.0,1.0,5.0,1.0,5.0,2.0,5.0,4.0,4.0,4.0,2.0
xektaoml,277,agd8838q,660a670d8bd881c603b01082,30.0,2.0,3.0,2.0,4.0,2.0,5.0,3.0,5.0,2.0,5.0,2.0,5.0,1.0,4.0,1.0,3.0,2.0,4.0,3.0,2.0,2.0,2.0
nhf0x9e6,171,agd8838q,6523fdc398bd50909dfd67c3,20.0,1.0,4.0,2.0,4.0,2.0,5.0,3.0,5.0,4.0,5.0,2.0,5.0,1.0,3.0,1.0,4.0,3.0,5.0,3.0,4.0,5.0,2.0
orycup70,182,agd8838q,65cf75976f1dca6b3fcd10c5,26.0,1.0,1.0,3.0,2.0,1.0,5.0,3.0,5.0,4.0,5.0,2.0,5.0,1.0,4.0,1.0,4.0,2.0,5.0,3.0,4.0,4.0,1.0
dhc7ju9s,91,agd8838q,5f196e2fab8a9003090bd474,23.0,1.0,3.0,2.0,4.0,2.0,4.0,4.0,4.0,4.0,5.0,3.0,5.0,1.0,4.0,1.0,3.0,3.0,5.0,5.0,4.0,5.0,1.0
bj521wv4,74,agd8838q,5bc838036abd39000122cc17,30.0,1.0,2.0,2.0,2.0,3.0,4.0,4.0,5.0,2.0,4.0,2.0,5.0,1.0,4.0,2.0,5.0,3.0,5.0,3.0,3.0,4.0,2.0
iygq0s81,134,agd8838q,60fac7ec133b6bf250d6d668,23.0,2.0,1.0,2.0,2.0,4.0,4.0,3.0,5.0,3.0,5.0,1.0,5.0,1.0,3.0,2.0,5.0,3.0,5.0,4.0,4.0,4.0,1.0
08dhagnq,4,agd8838q,65031d5ca9f619d9e0412f0a,20.0,2.0,4.0,1.0,4.0,4.0,4.0,4.0,4.0,5.0,4.0,2.0,4.0,2.0,3.0,4.0,4.0,4.0,4.0,2.0,3.0,3.0,2.0
t39wjwlb,232,agd8838q,5f38024629c8452b7fd18648,20.0,2.0,1.0,2.0,4.0,4.0,4.0,4.0,4.0,3.0,4.0,4.0,5.0,4.0,5.0,2.0,4.0,2.0,3.0,3.0,4.0,4.0,1.0
7uf19nqz,56,agd8838q,650c3ea3bb7f3b500e2db7a1,20.0,2.0,1.0,1.0,3.0,4.0,4.0,5.0,4.0,5.0,2.0,2.0,5.0,2.0,3.0,4.0,4.0,4.0,4.0,4.0,5.0,5.0,2.0
8lf05cs1,57,agd8838q,5d352f8bb02857001963539a,23.0,2.0,5.0,2.0,5.0,4.0,2.0,4.0,2.0,4.0,3.0,4.0,3.0,5.0,1.0,4.0,2.0,4.0,1.0,2.0,2.0,1.0,2.0
2os7aix9,19,agd8838q,5eefae66afa4e549ac714f73,28.0,2.0,4.0,3.0,4.0,3.0,4.0,3.0,4.0,4.0,4.0,1.0,4.0,2.0,4.0,3.0,4.0,3.0,4.0,3.0,3.0,2.0,2.0
d2uhz7l1,88,agd8838q,5e90540a9622ec3628270555,18.0,1.0,4.0,1.0,4.0,2.0,3.0,3.0,4.0,2.0,3.0,1.0,4.0,2.0,4.0,2.0,5.0,1.0,4.0,3.0,4.0,5.0,1.0
7datr3w6,51,agd8838q,660eae0ec751e419bf8a4a2d,21.0,1.0,1.0,1.0,4.0,2.0,5.0,2.0,5.0,3.0,5.0,1.0,4.0,1.0,4.0,2.0,4.0,1.0,4.0,2.0,4.0,1.0,2.0
7hv3sbup,52,agd8838q,5efbb75dc7a625169185e94f,23.0,1.0,2.0,2.0,2.0,4.0,4.0,5.0,5.0,5.0,5.0,5.0,5.0,1.0,4.0,1.0,4.0,3.0,5.0,2.0,3.0,4.0,2.0
sfwwbes6,226,agd8838q,5b1bcd1d88ee7400012b0707,26.0,2.0,4.0,2.0,4.0,2.0,4.0,2.0,4.0,2.0,4.0,2.0,4.0,2.0,4.0,2.0,4.0,2.0,4.0,3.0,3.0,4.0,2.0
hcrqkfms,122,agd8838q,661fe6d3dd22f19c6723957f,19.0,2.0,4.0,1.0,2.0,4.0,4.0,4.0,5.0,5.0,2.0,2.0,2.0,1.0,3.0,4.0,3.0,4.0,4.0,2.0,2.0,1.0,2.0
7pmvmrpl,53,agd8838q,63614851eba9f853fc9ffb45,23.0,2.0,5.0,1.0,4.0,2.0,4.0,4.0,4.0,5.0,4.0,2.0,4.0,2.0,4.0,2.0,4.0,4.0,4.0,2.0,2.0,1.0,2.0
s8oy8rwl,222,agd8838q,60f4bcceacb5bfe7cd06d647,24.0,2.0,3.0,2.0,4.0,4.0,2.0,4.0,5.0,5.0,5.0,4.0,5.0,1.0,3.0,2.0,4.0,4.0,4.0,3.0,4.0,5.0,2.0
o11799gk,176,agd8838q,6128188a420f8d3f27f8d8b1,21.0,2.0,1.0,1.0,4.0,2.0,3.0,4.0,3.0,4.0,5.0,3.0,4.0,2.0,3.0,2.0,3.0,4.0,4.0,4.0,3.0,4.0,1.0
hmgrcbq2,126,agd8838q,5c762ce8eda5da001662be0b,28.0,2.0,4.0,2.0,4.0,2.0,4.0,3.0,5.0,4.0,5.0,2.0,5.0,1.0,3.0,2.0,5.0,3.0,5.0,4.0,3.0,2.0,2.0
qgri04bz,198,agd8838q,60b8fb929701cb52b39796aa,21.0,2.0,4.0,1.0,3.0,3.0,3.0,1.0,4.0,2.0,3.0,2.0,4.0,2.0,3.0,3.0,4.0,1.0,4.0,3.0,3.0,1.0,2.0
1bgm80os,11,agd8838q,63a439dbbbc878947742d7f7,30.0,2.0,1.0,4.0,2.0,4.0,4.0,3.0,4.0,5.0,4.0,3.0,4.0,3.0,4.0,1.0,4.0,3.0,3.0,2.0,2.0,1.0,2.0
tli13d3c,240,agd8838q,62b2f74cf3794e252cc7d1a7,22.0,2.0,5.0,1.0,3.0,2.0,5.0,3.0,4.0,5.0,4.0,3.0,4.0,2.0,2.0,4.0,4.0,2.0,4.0,4.0,4.0,4.0,2.0
r3ejq63m,207,agd8838q,62029a07ef1cb18a1337c583,21.0,2.0,4.0,1.0,2.0,4.0,5.0,2.0,5.0,3.0,2.0,2.0,5.0,1.0,2.0,3.0,5.0,2.0,5.0,2.0,4.0,2.0,2.0
oft5aukj,180,agd8838q,60cf67593474c7e125a74db1,21.0,1.0,1.0,1.0,4.0,3.0,5.0,2.0,5.0,2.0,5.0,2.0,5.0,1.0,4.0,3.0,4.0,2.0,4.0,2.0,4.0,2.0,2.0
ykbiu401,285,agd8838q,5ea9890b7baf810a13bcdb56,21.0,1.0,1.0,1.0,1.0,4.0,4.0,3.0,5.0,5.0,2.0,1.0,5.0,1.0,1.0,4.0,4.0,4.0,5.0,2.0,3.0,2.0,2.0
3r4nuy9m,28,agd8838q,6078c44def3891383d408bc9,29.0,1.0,5.0,2.0,3.0,1.0,5.0,3.0,5.0,4.0,5.0,2.0,4.0,1.0,3.0,1.0,4.0,1.0,4.0,5.0,5.0,4.0,2.0
cn4zg9je,86,agd8838q,61535d60db67adaf13fd11f1,22.0,1.0,4.0,2.0,4.0,4.0,4.0,3.0,4.0,4.0,2.0,4.0,4.0,3.0,2.0,5.0,3.0,2.0,2.0,2.0,2.0,3.0,2.0
e59fej3f,95,agd8838q,6401d1b2fbcfecbd18706a6c,19.0,1.0,4.0,1.0,4.0,3.0,4.0,4.0,5.0,4.0,4.0,2.0,4.0,2.0,3.0,2.0,4.0,4.0,5.0,3.0,3.0,2.0,2.0
6vrold85,47,agd8838q,5c4594514fe4f800016ea070,29.0,1.0,2.0,1.0,2.0,2.0,4.0,4.0,5.0,5.0,5.0,3.0,5.0,2.0,3.0,2.0,4.0,4.0,4.0,4.0,3.0,4.0,1.0
dbplg2ts,90,agd8838q,5f105b47d36c8701ec112317,24.0,1.0,1.0,3.0,4.0,1.0,4.0,3.0,4.0,2.0,5.0,1.0,5.0,2.0,4.0,1.0,5.0,2.0,4.0,4.0,4.0,4.0,2.0
hfyakb4k,124,agd8838q,6167f2ba9afd68c099e06233,28.0,2.0,4.0,3.0,3.0,2.0,5.0,2.0,5.0,3.0,5.0,2.0,4.0,1.0,4.0,1.0,4.0,2.0,5.0,3.0,4.0,3.0,2.0
vhkxaczs,261,agd8838q,63d96ff56b577f6ac10e5f6c,21.0,2.0,4.0,1.0,2.0,4.0,2.0,4.0,4.0,5.0,3.0,2.0,4.0,5.0,2.0,4.0,2.0,5.0,4.0,2.0,3.0,3.0,2.0
kulu077v,153,agd8838q,63d8267294c685a091016df0,26.0,2.0,5.0,2.0,2.0,3.0,5.0,4.0,5.0,4.0,5.0,1.0,5.0,1.0,5.0,2.0,5.0,4.0,5.0,3.0,4.0,2.0,2.0
rg7f0sms,211,agd8838q,6595859a929aaa555306b821,29.0,2.0,1.0,2.0,3.0,3.0,2.0,4.0,4.0,5.0,2.0,4.0,5.0,4.0,4.0,2.0,2.0,5.0,2.0,1.0,1.0,1.0,2.0
a95qssbq,65,agd8838q,5e35cdd13b22bc5789b14d86,28.0,1.0,4.0,1.0,5.0,2.0,4.0,3.0,4.0,4.0,5.0,1.0,4.0,2.0,4.0,2.0,4.0,3.0,4.0,3.0,4.0,3.0,2.0
3mmuy781,25,agd8838q,5c35637d3ce2c80001118abf,23.0,1.0,4.0,3.0,4.0,3.0,4.0,3.0,5.0,4.0,4.0,4.0,4.0,2.0,4.0,2.0,4.0,3.0,3.0,4.0,4.0,4.0,1.0
xqkf0krx,279,agd8838q,61329a3e3f353940f7fcd042,20.0,1.0,1.0,1.0,4.0,3.0,4.0,4.0,4.0,4.0,3.0,2.0,3.0,3.0,4.0,4.0,4.0,2.0,4.0,3.0,4.0,1.0,2.0
tmtiln0i,241,agd8838q,5ceafa32a20e6000160c5e74,20.0,1.0,5.0,2.0,3.0,3.0,4.0,3.0,4.0,5.0,3.0,2.0,4.0,3.0,3.0,3.0,3.0,4.0,4.0,2.0,5.0,2.0,2.0
9n2j2cyw,62,agd8838q,656117ef5cabaa7d1d1d064c,20.0,2.0,4.0,1.0,1.0,5.0,2.0,4.0,2.0,5.0,1.0,5.0,4.0,5.0,2.0,5.0,4.0,5.0,1.0,2.0,2.0,1.0,2.0
nkboct91,173,agd8838q,63e68535d78fc9bb61c3c6b4,21.0,2.0,5.0,1.0,1.0,2.0,4.0,3.0,5.0,4.0,2.0,2.0,3.0,3.0,2.0,4.0,4.0,1.0,3.0,3.0,4.0,4.0,2.0
m0zfzii2,162,agd8838q,655a152ea36af682da467b5c,20.0,1.0,4.0,1.0,2.0,4.0,3.0,3.0,5.0,2.0,4.0,2.0,5.0,1.0,5.0,1.0,5.0,3.0,5.0,3.0,4.0,3.0,2.0
pipaps7r,188,agd8838q,5fa3ea626f9de3034e4a7f13,22.0,1.0,4.0,2.0,5.0,2.0,4.0,3.0,5.0,3.0,5.0,1.0,5.0,1.0,5.0,1.0,5.0,3.0,5.0,3.0,4.0,2.0,2.0
5cyc9xhu,34,agd8838q,5f29a219fd79260ef749a01d,22.0,2.0,3.0,2.0,3.0,4.0,4.0,4.0,5.0,4.0,5.0,2.0,5.0,1.0,4.0,2.0,4.0,4.0,5.0,4.0,3.0,5.0,2.0
g2yckayu,112,agd8838q,6616e90fd90e420b04c612ea,24.0,2.0,4.0,3.0,5.0,1.0,4.0,4.0,5.0,5.0,5.0,2.0,5.0,1.0,4.0,1.0,5.0,2.0,5.0,5.0,5.0,4.0,2.0
6xdfpofi,48,agd8838q,60fcb280d58f26d33cb004a6,18.0,2.0,5.0,1.0,4.0,3.0,4.0,4.0,4.0,4.0,5.0,2.0,5.0,3.0,4.0,4.0,4.0,4.0,4.0,3.0,5.0,2.0,2.0
ceh8zjcx,85,agd8838q,60b129b01647197ac182d707,24.0,2.0,1.0,2.0,4.0,4.0,2.0,3.0,5.0,2.0,5.0,1.0,4.0,1.0,4.0,4.0,3.0,3.0,5.0,4.0,3.0,3.0,2.0
qnldj0k8,201,agd8838q,62e09943165d4dadd8b8f096,21.0,2.0,2.0,1.0,4.0,4.0,3.0,4.0,4.0,4.0,4.0,2.0,4.0,2.0,2.0,4.0,2.0,4.0,4.0,3.0,3.0,1.0,2.0
nemm2lxj,170,agd8838q,6294ec859aaabbbeb246e7f3,23.0,2.0,4.0,1.0,2.0,1.0,5.0,5.0,4.0,2.0,5.0,1.0,3.0,1.0,4.0,1.0,5.0,3.0,4.0,1.0,1.0,1.0,2.0
qu37a4gi,203,agd8838q,5d753f9afaed210001bf2ea0,20.0,1.0,3.0,1.0,3.0,2.0,4.0,2.0,5.0,4.0,4.0,3.0,4.0,1.0,1.0,3.0,3.0,2.0,5.0,2.0,2.0,1.0,2.0
rqh3nh93,215,agd8838q,5efdefc1c3d6bf095c0ecaa7,24.0,1.0,1.0,2.0,1.0,5.0,5.0,4.0,5.0,4.0,4.0,4.0,5.0,1.0,1.0,2.0,2.0,2.0,2.0,3.0,3.0,4.0,2.0
t8576c1b,235,agd8838q,64136650748e4e17c18e1900,27.0,2.0,4.0,1.0,4.0,4.0,4.0,2.0,4.0,5.0,5.0,4.0,4.0,1.0,2.0,2.0,4.0,4.0,4.0,3.0,3.0,4.0,2.0
niozhfyt,172,agd8838q,5e8323596900a20008d70aea,28.0,1.0,4.0,4.0,4.0,2.0,4.0,2.0,5.0,4.0,5.0,1.0,4.0,1.0,4.0,1.0,5.0,3.0,5.0,4.0,4.0,4.0,2.0
kw8ov3fq,155,agd8838q,613d0b09c378aeb30cb2327d,22.0,1.0,1.0,2.0,2.0,2.0,5.0,1.0,5.0,4.0,5.0,2.0,5.0,2.0,4.0,1.0,4.0,4.0,5.0,4.0,4.0,5.0,1.0
6dqbhk6u,42,agd8838q,60fd5177025610c34abe7a14,21.0,1.0,4.0,1.0,4.0,3.0,4.0,1.0,4.0,4.0,3.0,1.0,5.0,1.0,3.0,2.0,4.0,3.0,4.0,3.0,4.0,3.0,2.0
99ipg3ws,61,agd8838q,63d3ff7455fe68b811ef6b57,19.0,2.0,4.0,1.0,4.0,2.0,4.0,3.0,4.0,2.0,5.0,3.0,4.0,2.0,3.0,2.0,4.0,4.0,3.0,2.0,3.0,4.0,2.0
f370pwi7,103,agd8838q,63fbd3e8b4865c6e1fb04614,21.0,2.0,4.0,1.0,2.0,2.0,2.0,1.0,3.0,3.0,2.0,4.0,2.0,2.0,2.0,3.0,2.0,2.0,4.0,2.0,3.0,3.0,1.0
1prh61ex,13,or69qa0c,5e0d531982a9554d3862a670,22.0,1.0,1.0,3.0,5.0,2.0,4.0,2.0,5.0,1.0,5.0,1.0,5.0,1.0,5.0,1.0,4.0,1.0,5.0,3.0,4.0,3.0,2.0
bztjd32c,77,or69qa0c,5aad0a3e2788c10001d0e7e4,18.0,2.0,5.0,1.0,4.0,2.0,4.0,2.0,5.0,2.0,4.0,1.0,4.0,1.0,5.0,2.0,4.0,3.0,5.0,3.0,2.0,3.0,2.0
vbjc7rbv,256,or69qa0c,58038ecf9c39b3000179ecdc,25.0,2.0,4.0,4.0,4.0,4.0,4.0,3.0,3.0,4.0,4.0,2.0,5.0,2.0,4.0,2.0,4.0,4.0,4.0,2.0,3.0,1.0,2.0
9u20ihxv,64,or69qa0c,5f32baaabe9b7c02c66781e3,28.0,1.0,5.0,1.0,5.0,2.0,5.0,3.0,5.0,4.0,5.0,2.0,5.0,1.0,2.0,2.0,5.0,4.0,5.0,4.0,5.0,5.0,1.0
p7nu8isv,184,or69qa0c,611a3e16f34fa48850c0666c,26.0,2.0,1.0,3.0,4.0,4.0,5.0,4.0,4.0,2.0,5.0,4.0,4.0,2.0,4.0,2.0,4.0,2.0,5.0,3.0,2.0,4.0,1.0
aw5xmzl3,72,or69qa0c,63871b9b1348fcc9c891db01,29.0,2.0,6.0,1.0,1.0,4.0,4.0,3.0,3.0,5.0,5.0,3.0,5.0,4.0,2.0,1.0,4.0,3.0,3.0,2.0,3.0,1.0,2.0
0zu0yzsg,9,or69qa0c,60d717617a4504ac6321d635,25.0,2.0,2.0,1.0,4.0,2.0,4.0,2.0,5.0,4.0,5.0,1.0,4.0,2.0,2.0,2.0,4.0,3.0,4.0,4.0,4.0,4.0,2.0
3q4sqkk2,27,or69qa0c,60789c1a4d8201100ba0e960,25.0,1.0,1.0,3.0,3.0,1.0,5.0,4.0,5.0,3.0,5.0,1.0,5.0,2.0,3.0,2.0,5.0,3.0,4.0,3.0,5.0,4.0,2.0
9sqbbk2l,63,or69qa0c,5b663859f7798c000182b8cf,25.0,1.0,1.0,1.0,1.0,3.0,3.0,4.0,4.0,4.0,4.0,4.0,4.0,4.0,2.0,2.0,2.0,2.0,2.0,3.0,2.0,3.0,2.0
o0ayoiez,175,or69qa0c,5c913839a6e0aa00162c2ca5,22.0,1.0,3.0,1.0,4.0,4.0,3.0,4.0,4.0,3.0,5.0,1.0,4.0,1.0,5.0,1.0,3.0,4.0,4.0,2.0,4.0,4.0,1.0
kpke8qm0,152,or69qa0c,63d7be523261fcaf84e94668,26.0,1.0,1.0,2.0,4.0,3.0,4.0,4.0,4.0,4.0,5.0,3.0,5.0,2.0,4.0,1.0,3.0,2.0,4.0,2.0,2.0,1.0,2.0
knkbhrdt,151,or69qa0c,65fc1ad7a3f42e203d15f2eb,27.0,1.0,1.0,2.0,3.0,2.0,5.0,2.0,5.0,1.0,5.0,1.0,5.0,1.0,5.0,1.0,2.0,1.0,5.0,3.0,3.0,3.0,2.0
bqbo8kx1,75,or69qa0c,603bbf426ba69e8af20ace6f,22.0,1.0,4.0,2.0,4.0,2.0,5.0,1.0,4.0,5.0,5.0,1.0,5.0,1.0,4.0,1.0,3.0,1.0,5.0,3.0,3.0,4.0,1.0
umbwr2eo,254,or69qa0c,5f8ea1044999a9000ae5a0e9,21.0,1.0,4.0,1.0,5.0,3.0,5.0,1.0,5.0,1.0,5.0,1.0,5.0,1.0,4.0,1.0,5.0,1.0,5.0,3.0,3.0,2.0,2.0
u5washj0,251,or69qa0c,5cb1e0ccc9ca1c00181d3e3c,27.0,1.0,4.0,1.0,4.0,2.0,5.0,3.0,5.0,5.0,4.0,1.0,3.0,1.0,2.0,1.0,4.0,3.0,5.0,4.0,5.0,5.0,2.0
w47knu4c,264,or69qa0c,5b126ec7c85dc400016220a4,30.0,1.0,5.0,3.0,2.0,1.0,2.0,3.0,3.0,4.0,5.0,1.0,5.0,1.0,3.0,1.0,5.0,1.0,5.0,3.0,4.0,4.0,2.0
i9qjfxbx,132,or69qa0c,6616626f36d30819f4967083,20.0,1.0,1.0,1.0,4.0,4.0,4.0,2.0,4.0,3.0,4.0,3.0,4.0,2.0,4.0,3.0,3.0,2.0,4.0,3.0,4.0,3.0,2.0
mhuntazd,165,or69qa0c,620298a2ef1cb18a1337c314,25.0,1.0,4.0,3.0,5.0,4.0,5.0,2.0,5.0,3.0,5.0,1.0,5.0,1.0,5.0,1.0,5.0,3.0,5.0,3.0,3.0,2.0,2.0
j7fzmjaw,135,or69qa0c,6400dc9a87b5f4d0c3604bf3,21.0,2.0,3.0,1.0,5.0,4.0,4.0,3.0,5.0,3.0,5.0,2.0,5.0,1.0,4.0,3.0,4.0,4.0,5.0,4.0,4.0,4.0,1.0
we3lkehs,268,or69qa0c,5ab65c67f69e940001d8e06c,27.0,1.0,4.0,3.0,3.0,3.0,5.0,2.0,4.0,4.0,3.0,3.0,2.0,1.0,4.0,4.0,4.0,3.0,4.0,3.0,4.0,3.0,2.0
rosqy3le,214,or69qa0c,63ee7fdc7353888045333f01,19.0,2.0,4.0,5.0,4.0,3.0,4.0,2.0,5.0,2.0,4.0,1.0,4.0,1.0,5.0,2.0,5.0,1.0,5.0,3.0,3.0,4.0,2.0
pkb7wqe5,190,or69qa0c,66045cc3d586a3545dcab891,22.0,2.0,1.0,2.0,2.0,4.0,4.0,4.0,5.0,5.0,5.0,2.0,4.0,3.0,2.0,4.0,4.0,4.0,4.0,4.0,4.0,3.0,2.0
qn9qyb3t,200,or69qa0c,5fd410790e3b0716869c801e,23.0,2.0,4.0,2.0,1.0,3.0,5.0,4.0,5.0,5.0,5.0,4.0,5.0,1.0,4.0,2.0,4.0,4.0,3.0,3.0,3.0,1.0,2.0
c540fjlz,79,or69qa0c,5ebd6f91aa78300661bf065f,27.0,1.0,4.0,2.0,3.0,4.0,4.0,3.0,4.0,3.0,2.0,2.0,2.0,2.0,4.0,2.0,4.0,2.0,4.0,3.0,4.0,3.0,2.0
66wb7g7q,40,or69qa0c,6612abdff945272cc0ac57a0,20.0,1.0,2.0,1.0,4.0,2.0,5.0,2.0,5.0,2.0,5.0,1.0,5.0,1.0,5.0,1.0,5.0,2.0,5.0,3.0,5.0,4.0,2.0
jkl43t71,138,or69qa0c,5fa172f66e1f192715cbb6cb,22.0,1.0,5.0,1.0,4.0,2.0,5.0,1.0,5.0,4.0,5.0,1.0,2.0,1.0,2.0,1.0,5.0,2.0,5.0,3.0,3.0,3.0,2.0
cd2l0l98,84,or69qa0c,6304db4577830d43f42d4d26,27.0,2.0,4.0,1.0,4.0,4.0,5.0,2.0,5.0,5.0,5.0,2.0,5.0,2.0,4.0,1.0,5.0,2.0,4.0,2.0,2.0,1.0,2.0
epawu8jv,101,or69qa0c,662113345886355a095efaf5,18.0,2.0,6.0,1.0,1.0,2.0,4.0,5.0,5.0,5.0,3.0,1.0,5.0,1.0,4.0,1.0,5.0,3.0,5.0,3.0,5.0,4.0,2.0
tubfoosb,246,or69qa0c,5eb2dcaf20c7f0083670c7f9,25.0,1.0,3.0,2.0,4.0,2.0,5.0,3.0,5.0,2.0,4.0,2.0,5.0,2.0,4.0,2.0,4.0,4.0,5.0,4.0,5.0,4.0,2.0
e4ocwkyd,94,or69qa0c,59f0be850fb3a90001bd9fc8,28.0,1.0,3.0,2.0,2.0,1.0,5.0,2.0,5.0,5.0,5.0,1.0,4.0,2.0,2.0,1.0,5.0,2.0,4.0,4.0,5.0,5.0,1.0
kwrcimmm,156,or69qa0c,6413799cf7721ee0ce637e09,20.0,2.0,4.0,1.0,5.0,1.0,5.0,1.0,5.0,4.0,5.0,1.0,5.0,1.0,5.0,1.0,5.0,1.0,5.0,3.0,4.0,4.0,1.0
jtylrxah,143,or69qa0c,6101b0dc5a0b2fb266da3699,24.0,1.0,2.0,2.0,4.0,3.0,4.0,2.0,5.0,4.0,5.0,2.0,4.0,1.0,4.0,2.0,4.0,3.0,4.0,2.0,2.0,2.0,2.0
4tszases,33,or69qa0c,613caa9f06576b39c91eb6af,24.0,2.0,4.0,1.0,4.0,2.0,5.0,4.0,4.0,4.0,5.0,2.0,4.0,1.0,4.0,3.0,4.0,4.0,4.0,4.0,4.0,4.0,2.0
k10vjvdr,145,or69qa0c,62a1c5999da14fa565e0d893,20.0,1.0,4.0,1.0,4.0,4.0,3.0,2.0,4.0,3.0,4.0,3.0,5.0,2.0,4.0,1.0,4.0,2.0,4.0,2.0,2.0,1.0,2.0
4908dvk5,29,or69qa0c,657db05d38428b854dc10034,21.0,2.0,1.0,1.0,5.0,2.0,5.0,3.0,5.0,2.0,5.0,1.0,5.0,1.0,5.0,2.0,5.0,4.0,5.0,2.0,3.0,1.0,2.0
o7t2cdo8,177,or69qa0c,5e7b90c448b5f41a96838b93,22.0,2.0,4.0,1.0,2.0,4.0,2.0,5.0,5.0,5.0,5.0,1.0,4.0,1.0,5.0,2.0,5.0,4.0,5.0,3.0,4.0,1.0,2.0
5ht4sz4o,36,or69qa0c,641364d0e4356f62a8c4532d,20.0,2.0,4.0,1.0,2.0,4.0,4.0,4.0,4.0,5.0,4.0,3.0,5.0,2.0,3.0,2.0,4.0,3.0,4.0,2.0,3.0,2.0,2.0
z7z8ayz7,294,or69qa0c,609af3cd79496a13a498737d,24.0,2.0,5.0,1.0,3.0,2.0,4.0,4.0,4.0,4.0,5.0,3.0,4.0,3.0,3.0,2.0,4.0,3.0,3.0,3.0,3.0,1.0,2.0
cbaq192r,83,or69qa0c,612cbe71ebccd0a5eef5160c,20.0,2.0,4.0,1.0,1.0,4.0,4.0,2.0,4.0,4.0,5.0,2.0,3.0,2.0,2.0,3.0,4.0,4.0,4.0,2.0,3.0,1.0,2.0
xns0b276,278,or69qa0c,5f25ae44546c5a26eabe8a14,28.0,1.0,1.0,3.0,3.0,3.0,3.0,3.0,4.0,4.0,2.0,1.0,2.0,1.0,2.0,4.0,4.0,4.0,5.0,2.0,1.0,1.0,2.0
y50krq9e,281,or69qa0c,63d13c9e1c33ca2182c2ef5e,21.0,2.0,5.0,2.0,4.0,2.0,5.0,3.0,5.0,2.0,4.0,2.0,5.0,1.0,4.0,4.0,4.0,2.0,4.0,4.0,3.0,2.0,2.0
q0oeu604,195,or69qa0c,5b4b859e11d39e00017bc223,29.0,1.0,2.0,3.0,3.0,2.0,5.0,1.0,5.0,2.0,5.0,1.0,5.0,1.0,3.0,1.0,5.0,1.0,5.0,2.0,3.0,2.0,2.0
vcgt8tmp,258,or69qa0c,5b93086f00e06e0001bf4033,23.0,1.0,2.0,2.0,5.0,3.0,5.0,3.0,5.0,4.0,4.0,4.0,3.0,1.0,5.0,2.0,4.0,2.0,5.0,3.0,4.0,4.0,2.0
rvcnfxcf,216,or69qa0c,660c01a5cc89c698d522d634,21.0,1.0,5.0,1.0,4.0,4.0,4.0,3.0,5.0,4.0,5.0,2.0,3.0,1.0,3.0,2.0,4.0,2.0,5.0,3.0,5.0,4.0,2.0
5l80iybj,38,or69qa0c,60cdad61f2fc16483e5db0a7,22.0,1.0,5.0,1.0,5.0,1.0,5.0,1.0,5.0,4.0,5.0,2.0,5.0,1.0,4.0,1.0,4.0,2.0,5.0,5.0,3.0,4.0,1.0
c9pm41la,82,or69qa0c,59d65ad8e2762800015eb51b,30.0,1.0,4.0,4.0,4.0,4.0,4.0,4.0,4.0,4.0,4.0,4.0,4.0,3.0,4.0,4.0,4.0,4.0,4.0,3.0,3.0,4.0,2.0
s47ajhs7,219,or69qa0c,63495b138c084050589e7e2d,22.0,1.0,1.0,2.0,1.0,2.0,5.0,4.0,5.0,5.0,5.0,3.0,5.0,1.0,3.0,1.0,4.0,1.0,5.0,3.0,4.0,4.0,2.0
7syq11td,55,or69qa0c,62bb9d0e68505686f46178b0,26.0,2.0,4.0,2.0,2.0,3.0,5.0,2.0,5.0,5.0,5.0,1.0,5.0,1.0,3.0,2.0,4.0,3.0,5.0,3.0,2.0,3.0,2.0
qxx2nf2k,205,or69qa0c,60df50341cbe23c631681310,22.0,1.0,4.0,2.0,2.0,2.0,5.0,2.0,5.0,5.0,5.0,2.0,5.0,3.0,4.0,1.0,2.0,3.0,5.0,4.0,4.0,4.0,2.0
pfcdiyoj,187,or69qa0c,610303cc518cc9e3899dcbb7,21.0,1.0,5.0,1.0,4.0,2.0,5.0,3.0,4.0,2.0,5.0,2.0,5.0,1.0,4.0,1.0,5.0,1.0,4.0,3.0,3.0,3.0,2.0
f30xxvw0,102,or69qa0c,60eda0b5e8f579f6a73d0f6b,23.0,2.0,4.0,2.0,3.0,3.0,3.0,4.0,5.0,3.0,4.0,3.0,5.0,3.0,3.0,2.0,3.0,3.0,3.0,2.0,3.0,2.0,2.0
udhjdznh,253,or69qa0c,5a16b57438ed430001be8920,25.0,2.0,1.0,3.0,3.0,4.0,5.0,2.0,5.0,3.0,5.0,1.0,5.0,1.0,4.0,1.0,2.0,2.0,5.0,4.0,4.0,5.0,1.0
jzr5tg66,144,or69qa0c,6618d66687bb8bf0dcab87cc,20.0,1.0,1.0,1.0,4.0,2.0,4.0,1.0,5.0,3.0,5.0,1.0,5.0,1.0,2.0,2.0,4.0,2.0,5.0,4.0,5.0,5.0,1.0
x1kyevek,273,or69qa0c,60dddafcba71ad145265250d,22.0,1.0,1.0,2.0,3.0,3.0,4.0,3.0,4.0,4.0,4.0,3.0,5.0,2.0,4.0,2.0,3.0,3.0,4.0,3.0,3.0,4.0,2.0
icxieplv,133,or69qa0c,5dda54951986eb9b96b41f59,22.0,3.0,2.0,1.0,3.0,4.0,4.0,4.0,4.0,5.0,4.0,2.0,3.0,2.0,2.0,2.0,3.0,2.0,4.0,2.0,3.0,2.0,2.0
pbt7prwo,185,or69qa0c,5dc983b9902a986ae3ac3edc,26.0,1.0,4.0,2.0,2.0,4.0,2.0,2.0,5.0,5.0,4.0,2.0,3.0,2.0,2.0,4.0,4.0,2.0,4.0,3.0,4.0,4.0,2.0
g53rrppr,113,or69qa0c,616555ec3460f0a519c1cdff,25.0,1.0,5.0,3.0,5.0,3.0,4.0,3.0,4.0,3.0,4.0,3.0,5.0,1.0,4.0,4.0,5.0,2.0,5.0,3.0,4.0,4.0,2.0
hka7rv3a,125,or69qa0c,62fb820d1e226563a6e9d02e,19.0,2.0,4.0,1.0,2.0,2.0,4.0,3.0,4.0,5.0,3.0,2.0,4.0,2.0,5.0,4.0,4.0,4.0,4.0,3.0,3.0,4.0,1.0
s2ffcqst,218,or69qa0c,60ca044c7b2e9a4654efeb77,25.0,2.0,3.0,1.0,3.0,4.0,4.0,3.0,5.0,4.0,4.0,3.0,4.0,2.0,3.0,4.0,4.0,1.0,4.0,3.0,5.0,2.0,2.0
c6zqae6f,81,or69qa0c,6148bd948f9404442c6b70e9,24.0,1.0,2.0,2.0,4.0,4.0,3.0,4.0,4.0,3.0,4.0,2.0,3.0,2.0,3.0,4.0,4.0,4.0,3.0,2.0,2.0,2.0,2.0
jopdruew,141,or69qa0c,604fa685e33606f9a0ee8189,27.0,1.0,1.0,2.0,3.0,2.0,4.0,4.0,4.0,2.0,5.0,2.0,4.0,2.0,3.0,2.0,5.0,4.0,5.0,4.0,5.0,4.0,2.0
jf0rhii6,137,or69qa0c,631748d718be5f44496bf754,25.0,2.0,4.0,1.0,3.0,2.0,3.0,2.0,5.0,3.0,5.0,2.0,5.0,2.0,4.0,1.0,4.0,3.0,4.0,3.0,3.0,2.0,2.0
s7w8bx5y,221,or69qa0c,64333e37b0fca53775bad01a,19.0,1.0,5.0,5.0,2.0,4.0,3.0,4.0,5.0,3.0,4.0,3.0,5.0,2.0,4.0,4.0,3.0,3.0,4.0,2.0,3.0,2.0,2.0
guolxlu9,119,or69qa0c,6620d90870c71835f4f55ccb,21.0,2.0,4.0,2.0,4.0,2.0,4.0,2.0,5.0,5.0,3.0,3.0,4.0,3.0,4.0,4.0,3.0,4.0,4.0,4.0,4.0,4.0,1.0
vu44bqpk,262,or69qa0c,61fa9085d42cb19beec4915d,21.0,1.0,4.0,1.0,4.0,2.0,5.0,3.0,5.0,3.0,3.0,2.0,4.0,1.0,4.0,3.0,5.0,3.0,5.0,3.0,3.0,3.0,2.0
fkloqd17,109,or69qa0c,5f40cdbc899a9b20ca30306a,22.0,2.0,2.0,1.0,2.0,3.0,4.0,3.0,4.0,4.0,3.0,2.0,4.0,2.0,4.0,3.0,4.0,3.0,4.0,2.0,3.0,2.0,2.0
fcy1uzzh,105,or69qa0c,63d17686afe6614ac1f77f9b,25.0,2.0,5.0,3.0,2.0,3.0,4.0,5.0,4.0,5.0,5.0,2.0,4.0,2.0,2.0,3.0,2.0,4.0,3.0,3.0,2.0,2.0,2.0
zyivz68y,300,or69qa0c,60fed89f91b60ea9d6c5f648,23.0,1.0,4.0,1.0,5.0,2.0,5.0,3.0,5.0,4.0,4.0,1.0,3.0,1.0,5.0,2.0,5.0,3.0,5.0,3.0,5.0,5.0,2.0
3aagxt1h,23,or69qa0c,636540f16a0ba04d5bf4644e,23.0,2.0,4.0,3.0,2.0,3.0,4.0,4.0,4.0,4.0,3.0,2.0,4.0,3.0,3.0,4.0,4.0,3.0,3.0,2.0,2.0,1.0,2.0
12csigh5,10,or69qa0c,5debd384b48fa72bff8b0efc,27.0,2.0,4.0,3.0,4.0,4.0,4.0,1.0,4.0,2.0,4.0,2.0,4.0,1.0,4.0,3.0,4.0,3.0,5.0,2.0,2.0,2.0,2.0
go30ug1h,115,or69qa0c,5ff47dc3e766bbb8c075ed2d,22.0,2.0,4.0,3.0,5.0,2.0,4.0,4.0,5.0,3.0,5.0,1.0,4.0,1.0,5.0,1.0,4.0,3.0,5.0,5.0,5.0,5.0,1.0
ypovbwre,287,or69qa0c,629e269e0d3386a36e3bf52e,21.0,2.0,2.0,1.0,1.0,1.0,5.0,4.0,5.0,5.0,4.0,1.0,5.0,1.0,5.0,1.0,5.0,5.0,5.0,2.0,2.0,1.0,2.0
y8j8jeq2,282,or69qa0c,5fa43bb9a1da9605a34dcc0d,25.0,2.0,4.0,2.0,1.0,5.0,2.0,5.0,1.0,5.0,4.0,3.0,5.0,4.0,1.0,1.0,2.0,5.0,2.0,2.0,4.0,1.0,2.0
uycdikoh,255,or69qa0c,5fbf82073c290326d44a11f0,23.0,1.0,3.0,2.0,4.0,2.0,5.0,1.0,5.0,5.0,5.0,1.0,5.0,1.0,5.0,1.0,4.0,2.0,5.0,4.0,4.0,5.0,1.0
tw3k4jdt,247,or69qa0c,5e9f383061281c0c4c598dc9,25.0,2.0,4.0,1.0,4.0,1.0,5.0,2.0,5.0,4.0,5.0,1.0,4.0,1.0,4.0,1.0,5.0,1.0,5.0,4.0,5.0,4.0,2.0
hx81xcgf,130,or69qa0c,62347a304666adc4ae9be6bb,22.0,2.0,4.0,2.0,3.0,2.0,5.0,3.0,5.0,5.0,5.0,4.0,4.0,3.0,5.0,4.0,4.0,5.0,3.0,3.0,4.0,3.0,2.0
p4lgulw8,183,or69qa0c,6310d187315505a30722cd64,20.0,2.0,5.0,2.0,4.0,2.0,5.0,1.0,5.0,1.0,4.0,1.0,4.0,1.0,5.0,1.0,3.0,3.0,4.0,2.0,4.0,1.0,2.0
dtnms71a,92,or69qa0c,5ea9452fe3583b01c06ff478,27.0,2.0,4.0,2.0,2.0,4.0,2.0,3.0,4.0,5.0,2.0,3.0,4.0,4.0,2.0,4.0,2.0,1.0,2.0,2.0,2.0,1.0,2.0
fuq7xnx4,110,or69qa0c,5ef7c6094ffead5091899f98,25.0,2.0,4.0,2.0,4.0,2.0,4.0,4.0,4.0,4.0,4.0,2.0,5.0,2.0,4.0,2.0,4.0,4.0,4.0,2.0,4.0,2.0,2.0
c4cl8rqt,78,or69qa0c,61fa95035719bc09cb8350c4,23.0,1.0,4.0,2.0,4.0,2.0,5.0,1.0,5.0,4.0,4.0,1.0,5.0,1.0,4.0,2.0,3.0,2.0,5.0,1.0,1.0,1.0,2.0
zjc1pekm,298,or69qa0c,629e42a3800b66722644beda,27.0,2.0,4.0,2.0,4.0,3.0,4.0,3.0,4.0,2.0,5.0,2.0,4.0,1.0,4.0,2.0,4.0,3.0,5.0,4.0,3.0,4.0,1.0
oh9x2jpg,181,or69qa0c,62fbca6b12404847b854f476,22.0,2.0,4.0,2.0,4.0,3.0,5.0,3.0,5.0,4.0,4.0,3.0,4.0,2.0,3.0,1.0,4.0,3.0,4.0,2.0,2.0,3.0,2.0
obyv4nco,179,or69qa0c,63e96959678f35bee3bd2de9,19.0,2.0,5.0,1.0,3.0,2.0,4.0,4.0,4.0,3.0,4.0,3.0,4.0,2.0,4.0,1.0,2.0,3.0,4.0,3.0,4.0,3.0,2.0
ms4raotk,168,or69qa0c,6525f403858fe5cdc54aa01f,27.0,2.0,4.0,2.0,5.0,3.0,4.0,2.0,5.0,5.0,4.0,2.0,5.0,2.0,4.0,2.0,4.0,3.0,4.0,3.0,3.0,3.0,2.0
r6sbhnah,208,or69qa0c,5c7427d637793100010f8bff,27.0,1.0,5.0,2.0,3.0,3.0,4.0,3.0,5.0,4.0,4.0,2.0,5.0,2.0,4.0,1.0,4.0,1.0,5.0,3.0,3.0,3.0,2.0
hx4uuneg,129,cpaawroq,5c45b52c016e2f00017e6f53,27.0,2.0,1.0,2.0,5.0,3.0,5.0,2.0,5.0,4.0,5.0,1.0,5.0,1.0,5.0,1.0,3.0,2.0,5.0,3.0,5.0,4.0,2.0
td45kkaq,237,cpaawroq,5e989863b159970c9eec6b5d,26.0,1.0,3.0,2.0,5.0,2.0,5.0,2.0,5.0,5.0,5.0,2.0,5.0,1.0,4.0,1.0,5.0,2.0,4.0,4.0,5.0,2.0,2.0
wojo25pj,271,cpaawroq,5e28b99e1aacba092acd8cbd,30.0,1.0,1.0,2.0,2.0,1.0,5.0,1.0,5.0,1.0,5.0,1.0,5.0,1.0,2.0,1.0,5.0,1.0,5.0,3.0,5.0,2.0,2.0
1f83kkij,12,cpaawroq,5f1594065b06710629a4c197,30.0,2.0,4.0,2.0,3.0,5.0,3.0,3.0,4.0,3.0,3.0,2.0,5.0,2.0,4.0,3.0,2.0,4.0,4.0,2.0,2.0,1.0,2.0
sl7o13ox,228,cpaawroq,5e93546d421374010958f9b6,24.0,1.0,1.0,3.0,4.0,2.0,4.0,2.0,4.0,4.0,5.0,2.0,4.0,1.0,3.0,1.0,4.0,2.0,4.0,3.0,4.0,3.0,2.0
z214g359,292,cpaawroq,5980f157413c230001291b22,29.0,2.0,6.0,3.0,2.0,2.0,3.0,1.0,5.0,2.0,5.0,1.0,5.0,1.0,3.0,1.0,5.0,2.0,5.0,3.0,3.0,1.0,2.0
3ps02vw0,26,cpaawroq,60ca0f9779fb2693dce5f485,25.0,2.0,2.0,2.0,4.0,3.0,4.0,4.0,5.0,5.0,4.0,2.0,5.0,2.0,3.0,1.0,4.0,4.0,4.0,3.0,3.0,2.0,2.0
fgf743f4,107,cpaawroq,5a24facd7413810001521f7a,26.0,1.0,2.0,3.0,3.0,3.0,4.0,2.0,4.0,4.0,4.0,3.0,5.0,2.0,4.0,1.0,4.0,2.0,4.0,4.0,4.0,3.0,2.0
ud0g7haj,252,cpaawroq,5cafb4002263230001d0f02a,23.0,1.0,5.0,2.0,4.0,2.0,5.0,2.0,5.0,3.0,5.0,1.0,5.0,1.0,4.0,2.0,4.0,1.0,5.0,3.0,4.0,4.0,2.0
pjccuc1p,189,cpaawroq,605cbc0ccd5746e1b4f354d2,30.0,2.0,4.0,2.0,5.0,3.0,2.0,2.0,4.0,5.0,5.0,2.0,2.0,2.0,5.0,2.0,4.0,3.0,4.0,3.0,3.0,2.0,2.0
mkwi48m5,167,cpaawroq,5f5281da62b18454f9aa8b6d,26.0,1.0,2.0,2.0,4.0,3.0,4.0,2.0,4.0,3.0,4.0,2.0,4.0,3.0,2.0,2.0,4.0,2.0,4.0,2.0,3.0,2.0,2.0
8wvsn4wl,58,cpaawroq,60cf51d3a85f8780e661ac6a,21.0,1.0,1.0,1.0,4.0,1.0,5.0,3.0,4.0,5.0,5.0,4.0,4.0,2.0,4.0,2.0,4.0,2.0,5.0,3.0,4.0,4.0,2.0
g03lv6fd,111,cpaawroq,6296236a4965e587cc0d70a8,20.0,1.0,1.0,1.0,4.0,1.0,5.0,3.0,5.0,2.0,5.0,2.0,4.0,1.0,5.0,2.0,4.0,1.0,5.0,2.0,4.0,3.0,2.0
6ytmdvm5,49,cpaawroq,5c5c05d16539fe00016e072c,26.0,1.0,4.0,2.0,5.0,3.0,5.0,2.0,5.0,3.0,5.0,1.0,5.0,2.0,5.0,1.0,5.0,1.0,5.0,3.0,3.0,4.0,2.0
k9y8k6jr,147,cpaawroq,5f240054aa2111204f231a51,30.0,1.0,3.0,1.0,3.0,2.0,4.0,3.0,5.0,4.0,4.0,3.0,3.0,3.0,2.0,3.0,3.0,2.0,4.0,2.0,3.0,2.0,2.0
5k09ymh1,37,cpaawroq,5ee5483b1dfa3b0ded826eee,24.0,2.0,1.0,3.0,2.0,5.0,4.0,5.0,5.0,4.0,1.0,2.0,4.0,3.0,4.0,5.0,4.0,5.0,4.0,1.0,1.0,1.0,2.0
qsy4jgwu,202,cpaawroq,663645f27d30b8757b01260f,22.0,2.0,5.0,2.0,4.0,2.0,4.0,2.0,5.0,3.0,4.0,1.0,5.0,2.0,4.0,1.0,4.0,5.0,4.0,2.0,4.0,3.0,2.0
e78hyrcg,96,cpaawroq,640a40d65d7d66847e06def9,19.0,2.0,1.0,1.0,4.0,3.0,4.0,3.0,4.0,3.0,4.0,3.0,4.0,2.0,4.0,3.0,4.0,3.0,4.0,2.0,2.0,2.0,1.0
zyai25z8,299,cpaawroq,5d08c65a6bf345001a52f4b1,25.0,1.0,3.0,3.0,4.0,2.0,5.0,4.0,5.0,4.0,5.0,2.0,2.0,2.0,2.0,2.0,4.0,2.0,5.0,3.0,4.0,4.0,2.0
ariq9r32,71,cpaawroq,5c4f912d855bb80001ac70af,27.0,1.0,3.0,2.0,4.0,3.0,4.0,1.0,4.0,3.0,4.0,1.0,5.0,2.0,3.0,1.0,3.0,2.0,5.0,2.0,2.0,2.0,2.0
1vaklb5w,14,cpaawroq,5ec4ae36faf405398617680d,18.0,2.0,4.0,1.0,3.0,4.0,2.0,4.0,5.0,4.0,5.0,2.0,4.0,1.0,4.0,2.0,4.0,4.0,4.0,2.0,3.0,2.0,2.0
3bmeya78,24,cpaawroq,65c535c127dceff9fd3607f8,20.0,2.0,4.0,1.0,1.0,3.0,4.0,4.0,4.0,4.0,2.0,1.0,4.0,2.0,3.0,2.0,4.0,4.0,4.0,4.0,3.0,4.0,2.0
fd5ggryq,106,cpaawroq,610074329088b3e63b1ce2f1,23.0,1.0,1.0,2.0,2.0,4.0,4.0,4.0,5.0,5.0,4.0,2.0,4.0,1.0,2.0,2.0,4.0,2.0,5.0,3.0,4.0,4.0,2.0
nlpybfkg,174,cpaawroq,663d68e807640657499d183b,21.0,2.0,4.0,1.0,4.0,2.0,5.0,3.0,5.0,4.0,5.0,2.0,4.0,3.0,4.0,2.0,4.0,3.0,5.0,4.0,4.0,4.0,1.0
2egrst8r,17,cpaawroq,5b3b9a7cb677660001d419c7,30.0,2.0,6.0,5.0,5.0,1.0,5.0,3.0,5.0,3.0,5.0,2.0,5.0,1.0,5.0,1.0,5.0,3.0,5.0,4.0,3.0,4.0,2.0
kuvisdzs,154,cpaawroq,6627a20aa8091d046fb72612,20.0,2.0,1.0,1.0,5.0,4.0,4.0,3.0,5.0,2.0,5.0,1.0,4.0,2.0,3.0,4.0,5.0,4.0,4.0,3.0,4.0,2.0,2.0
33hh6ldl,22,cpaawroq,5c93fb955193220012414557,25.0,1.0,1.0,3.0,4.0,4.0,4.0,3.0,4.0,3.0,4.0,2.0,4.0,2.0,5.0,1.0,4.0,1.0,4.0,4.0,3.0,4.0,2.0
6g2oc6wo,43,cpaawroq,5ccb28d18da3dd0001c77395,23.0,2.0,4.0,2.0,4.0,2.0,5.0,3.0,4.0,3.0,4.0,2.0,4.0,2.0,4.0,3.0,4.0,3.0,4.0,2.0,3.0,1.0,2.0
sba6onyh,224,cpaawroq,63f77df437de29d7fd62b0c8,28.0,1.0,1.0,3.0,2.0,2.0,4.0,3.0,4.0,5.0,5.0,3.0,2.0,2.0,3.0,2.0,4.0,2.0,4.0,4.0,4.0,4.0,1.0
yfyuoi8t,284,cpaawroq,60cfb1915f725d608d61e25e,21.0,1.0,1.0,3.0,5.0,2.0,5.0,3.0,5.0,3.0,4.0,2.0,5.0,1.0,4.0,2.0,5.0,1.0,5.0,4.0,4.0,2.0,2.0
07ihphh9,3,cpaawroq,5b93f7fc3dca6000012c64fd,21.0,1.0,5.0,1.0,5.0,3.0,3.0,3.0,5.0,3.0,3.0,2.0,5.0,1.0,4.0,3.0,5.0,3.0,5.0,3.0,5.0,4.0,2.0
qjpfx7eh,199,cpaawroq,64046d48ba07f5be01ca438a,19.0,2.0,4.0,1.0,5.0,3.0,4.0,2.0,4.0,4.0,4.0,1.0,5.0,1.0,5.0,1.0,5.0,3.0,4.0,3.0,5.0,4.0,2.0
tlfwoen7,239,cpaawroq,5bcb80ed682ec100018b7f7e,26.0,1.0,1.0,3.0,2.0,1.0,4.0,5.0,5.0,5.0,5.0,1.0,5.0,2.0,1.0,4.0,5.0,2.0,5.0,4.0,3.0,4.0,2.0
seo33wt9,225,cpaawroq,63468d8c1547180266ca200c,25.0,1.0,4.0,2.0,3.0,3.0,4.0,3.0,4.0,2.0,4.0,3.0,4.0,3.0,4.0,3.0,3.0,3.0,4.0,3.0,3.0,4.0,2.0
ndhoid4g,169,cpaawroq,65591041915ec1141afff803,20.0,2.0,5.0,2.0,4.0,4.0,4.0,3.0,4.0,4.0,4.0,2.0,5.0,2.0,4.0,3.0,4.0,3.0,4.0,3.0,4.0,3.0,1.0
fgl196c9,108,cpaawroq,63d199068514432413979693,28.0,1.0,1.0,2.0,3.0,2.0,4.0,1.0,5.0,4.0,5.0,1.0,5.0,1.0,3.0,1.0,5.0,1.0,5.0,4.0,4.0,4.0,2.0
6sn6pz28,45,cpaawroq,5bd4f33c4b4f9e0001130cc5,26.0,2.0,6.0,1.0,3.0,3.0,4.0,4.0,4.0,5.0,5.0,5.0,5.0,2.0,1.0,3.0,4.0,4.0,4.0,3.0,4.0,3.0,2.0
az9fs7zo,73,cpaawroq,663f621401b9747289dba74d,20.0,2.0,4.0,2.0,4.0,2.0,4.0,2.0,4.0,4.0,5.0,2.0,5.0,2.0,5.0,1.0,4.0,2.0,4.0,3.0,3.0,1.0,2.0
xek9cyqp,276,cpaawroq,60351d27ef48de148eff67f9,27.0,1.0,2.0,3.0,4.0,2.0,4.0,4.0,4.0,2.0,4.0,2.0,4.0,2.0,4.0,4.0,4.0,2.0,4.0,3.0,3.0,2.0,2.0
xwn7ec86,280,cpaawroq,5fa2e56fe794555527f2c8ef,23.0,1.0,1.0,2.0,2.0,2.0,4.0,4.0,4.0,4.0,4.0,2.0,4.0,2.0,4.0,2.0,5.0,2.0,5.0,3.0,4.0,3.0,2.0
pekcy1hi,186,cpaawroq,601318f9e356fc15bb3882b9,21.0,1.0,1.0,1.0,4.0,2.0,3.0,2.0,4.0,4.0,4.0,2.0,5.0,2.0,2.0,4.0,2.0,4.0,4.0,2.0,3.0,1.0,2.0
tes52279,238,cpaawroq,65b69bbec439f7549d7c6f00,20.0,1.0,4.0,1.0,2.0,4.0,4.0,2.0,5.0,5.0,5.0,2.0,5.0,1.0,2.0,1.0,2.0,1.0,5.0,3.0,4.0,4.0,2.0
yvcy6t09,290,cpaawroq,65a70fc9aab4ea031901f421,19.0,1.0,4.0,1.0,4.0,2.0,4.0,3.0,5.0,4.0,5.0,1.0,4.0,1.0,4.0,1.0,4.0,2.0,5.0,4.0,2.0,5.0,1.0
yonbypfw,286,cpaawroq,6413573d24d5fbfedfb3fefa,21.0,2.0,4.0,1.0,4.0,3.0,4.0,2.0,4.0,4.0,4.0,2.0,5.0,2.0,4.0,3.0,4.0,4.0,3.0,3.0,4.0,3.0,2.0
0mqa817n,6,cpaawroq,5c2d2de8b1ae620001e05ea9,26.0,1.0,2.0,2.0,4.0,2.0,4.0,1.0,5.0,3.0,4.0,1.0,5.0,1.0,4.0,1.0,4.0,2.0,4.0,4.0,4.0,4.0,2.0
w8z1x7hy,265,cpaawroq,603ce8db15614aaf5b15e0fe,21.0,1.0,4.0,2.0,3.0,4.0,4.0,3.0,4.0,3.0,5.0,2.0,3.0,2.0,3.0,2.0,4.0,2.0,4.0,2.0,3.0,2.0,2.0
0ojwtom8,7,cpaawroq,662fcd17b20d5b9c6118e801,25.0,2.0,1.0,2.0,4.0,4.0,5.0,2.0,4.0,5.0,5.0,2.0,5.0,2.0,4.0,2.0,4.0,2.0,4.0,2.0,4.0,2.0,2.0
z8mqazs5,295,cpaawroq,60fc50b86b35094f5e5cd284,22.0,2.0,5.0,1.0,4.0,3.0,2.0,4.0,4.0,4.0,3.0,1.0,4.0,2.0,4.0,5.0,4.0,4.0,4.0,2.0,2.0,2.0,2.0
ej2ycht7,100,cpaawroq,5be742dd0e366e000175c8ba,23.0,2.0,1.0,2.0,4.0,3.0,5.0,2.0,4.0,3.0,5.0,2.0,5.0,1.0,3.0,3.0,4.0,3.0,5.0,3.0,4.0,5.0,2.0
pnif3omw,191,cpaawroq,6638d846ed355b7ec3bd43d7,35.0,2.0,4.0,2.0,3.0,2.0,5.0,3.0,4.0,5.0,4.0,2.0,5.0,2.0,2.0,4.0,5.0,3.0,4.0,4.0,4.0,5.0,1.0
z47n58xm,293,cpaawroq,656f3c80f7ac5f41e230b9ee,25.0,1.0,4.0,2.0,4.0,2.0,5.0,3.0,5.0,2.0,4.0,1.0,4.0,1.0,4.0,2.0,5.0,3.0,5.0,3.0,4.0,3.0,2.0
q74etdzr,196,cpaawroq,60ef556c18ea57549dd70887,20.0,1.0,1.0,1.0,5.0,2.0,4.0,2.0,4.0,4.0,4.0,2.0,4.0,2.0,4.0,2.0,4.0,3.0,4.0,3.0,3.0,2.0,2.0
i78qswmb,131,cpaawroq,58eb9b26b0ddf800010dc8bd,22.0,2.0,1.0,1.0,1.0,4.0,5.0,3.0,5.0,2.0,5.0,1.0,5.0,1.0,4.0,2.0,4.0,4.0,5.0,3.0,4.0,3.0,2.0
2ypfygg2,20,cpaawroq,663a4b68de38c8b1770a1bcc,18.0,2.0,6.0,1.0,2.0,4.0,2.0,3.0,3.0,4.0,1.0,2.0,3.0,4.0,2.0,5.0,3.0,2.0,4.0,2.0,4.0,1.0,2.0
tp53s6oz,242,cpaawroq,637e29088540d015a96fb15e,23.0,2.0,5.0,1.0,4.0,4.0,4.0,2.0,4.0,4.0,3.0,2.0,4.0,2.0,4.0,3.0,4.0,4.0,4.0,2.0,2.0,2.0,2.0
t2bf7td3,231,cpaawroq,61432781817c1541f59bbf33,20.0,2.0,1.0,1.0,3.0,4.0,4.0,5.0,4.0,4.0,2.0,2.0,4.0,2.0,2.0,3.0,4.0,5.0,3.0,4.0,4.0,5.0,1.0
tab3r77v,236,cpaawroq,60d4f7b4e287729cf50f64c8,28.0,2.0,4.0,4.0,4.0,2.0,5.0,2.0,4.0,4.0,5.0,2.0,5.0,2.0,5.0,2.0,4.0,2.0,4.0,3.0,4.0,4.0,2.0
vbtzhlnf,257,cpaawroq,663d5af9fcd854c5ac3d70e0,30.0,2.0,3.0,2.0,1.0,4.0,5.0,1.0,5.0,5.0,5.0,1.0,5.0,1.0,4.0,1.0,4.0,2.0,5.0,3.0,3.0,5.0,1.0
jmd4h7sc,140,cpaawroq,63ea4924c291a7aaf2a382e8,21.0,2.0,4.0,1.0,3.0,4.0,2.0,2.0,4.0,4.0,5.0,2.0,5.0,3.0,4.0,3.0,4.0,1.0,4.0,3.0,4.0,1.0,2.0
r8dribpq,210,cpaawroq,6623f68a31b62c81444079c8,25.0,2.0,4.0,3.0,4.0,4.0,4.0,3.0,4.0,4.0,4.0,4.0,3.0,3.0,4.0,3.0,3.0,2.0,4.0,4.0,3.0,3.0,1.0
mhvf0gs8,166,cpaawroq,628556bcf5ea3ef851de9fed,21.0,2.0,2.0,1.0,4.0,2.0,5.0,1.0,5.0,4.0,5.0,4.0,5.0,1.0,5.0,2.0,5.0,2.0,5.0,3.0,4.0,4.0,2.0
t4q9b64h,234,cpaawroq,5e989d242e0de609ac479125,20.0,2.0,1.0,1.0,4.0,2.0,3.0,4.0,5.0,4.0,4.0,1.0,3.0,2.0,4.0,3.0,4.0,1.0,3.0,2.0,3.0,1.0,2.0
yf2cumq1,283,cpaawroq,5e93641d8028056ac36b16d9,28.0,1.0,5.0,5.0,1.0,3.0,5.0,3.0,5.0,5.0,5.0,2.0,5.0,1.0,1.0,3.0,5.0,1.0,5.0,3.0,3.0,1.0,2.0
f5imoula,104,rmwpevci,5cd8129d6834a6000146c08b,25.0,1.0,3.0,2.0,4.0,2.0,5.0,3.0,5.0,3.0,5.0,2.0,5.0,1.0,5.0,1.0,5.0,1.0,4.0,4.0,4.0,4.0,2.0
4dh0tl2e,30,rmwpevci,6075ecc30e7921c183644eaa,26.0,1.0,4.0,2.0,4.0,2.0,4.0,3.0,5.0,2.0,5.0,2.0,5.0,1.0,4.0,1.0,5.0,1.0,5.0,4.0,4.0,4.0,2.0
gugomffe,117,rmwpevci,60fd7e00d473aab9ce3a8b39,21.0,1.0,3.0,2.0,3.0,2.0,4.0,3.0,4.0,4.0,5.0,3.0,4.0,3.0,3.0,3.0,4.0,2.0,4.0,3.0,4.0,4.0,1.0
wliwo9wx,269,rmwpevci,5f97ac99334d0617de9988eb,28.0,1.0,4.0,3.0,2.0,2.0,4.0,4.0,5.0,2.0,5.0,1.0,5.0,2.0,2.0,1.0,4.0,2.0,5.0,3.0,3.0,4.0,1.0
t43pntyt,233,rmwpevci,5f2788ddf5b51d1407d074b5,23.0,2.0,4.0,1.0,3.0,2.0,3.0,4.0,4.0,5.0,5.0,5.0,5.0,1.0,3.0,3.0,5.0,2.0,5.0,3.0,2.0,3.0,2.0
h1qwm1w8,120,rmwpevci,5eef9a35dc23a40a1cfc9c35,22.0,1.0,5.0,2.0,4.0,4.0,4.0,4.0,5.0,4.0,3.0,1.0,4.0,1.0,2.0,4.0,3.0,3.0,5.0,4.0,4.0,5.0,1.0
x0x5d5d9,272,rmwpevci,65802f497b769e78c1b9517b,29.0,1.0,1.0,2.0,3.0,2.0,4.0,3.0,5.0,4.0,5.0,3.0,5.0,3.0,4.0,2.0,3.0,3.0,4.0,3.0,3.0,3.0,2.0
sb93jd7b,223,rmwpevci,64ef38dfb25f98f3bbaa19ba,20.0,2.0,4.0,2.0,1.0,4.0,4.0,4.0,4.0,4.0,2.0,2.0,4.0,5.0,2.0,4.0,4.0,4.0,4.0,2.0,3.0,1.0,2.0
l8abs1rx,159,rmwpevci,6306710aa6766730321f1259,21.0,1.0,1.0,1.0,5.0,1.0,5.0,2.0,5.0,2.0,5.0,1.0,5.0,1.0,4.0,1.0,5.0,2.0,5.0,4.0,5.0,5.0,1.0
mad6xs2q,164,rmwpevci,611144a74cda343b3f077ff5,22.0,1.0,1.0,1.0,4.0,2.0,4.0,2.0,5.0,3.0,5.0,2.0,4.0,1.0,3.0,2.0,4.0,4.0,5.0,3.0,3.0,4.0,2.0
l15zyjqi,157,rmwpevci,60d6114c27eac40fca3fccea,22.0,1.0,1.0,2.0,4.0,1.0,4.0,3.0,4.0,2.0,5.0,2.0,3.0,1.0,4.0,2.0,4.0,2.0,5.0,4.0,4.0,4.0,2.0
wn7nh2cx,270,rmwpevci,65dc7bb0530a30a348973b3e,19.0,2.0,4.0,2.0,4.0,2.0,5.0,2.0,4.0,3.0,4.0,2.0,5.0,1.0,5.0,4.0,5.0,2.0,5.0,4.0,5.0,5.0,1.0
6jwa4yg3,44,rmwpevci,60d075b6af3d46debaf3cfd8,21.0,1.0,1.0,1.0,3.0,2.0,4.0,3.0,5.0,4.0,5.0,2.0,5.0,2.0,3.0,2.0,3.0,3.0,4.0,3.0,3.0,3.0,2.0
crxwfi6m,87,rmwpevci,663b7efea7564a566c82cac4,20.0,2.0,1.0,2.0,4.0,2.0,4.0,2.0,5.0,4.0,5.0,1.0,5.0,1.0,2.0,1.0,4.0,2.0,5.0,3.0,4.0,4.0,2.0
1votfozx,15,rmwpevci,63f77d3124200f797c299213,20.0,2.0,3.0,1.0,4.0,2.0,5.0,4.0,5.0,4.0,5.0,3.0,4.0,1.0,4.0,2.0,4.0,2.0,4.0,4.0,4.0,4.0,2.0
hf0nnsi3,123,rmwpevci,6416533bd4ee6639c3df6040,20.0,2.0,5.0,1.0,1.0,4.0,2.0,2.0,2.0,5.0,5.0,2.0,5.0,3.0,2.0,2.0,3.0,3.0,2.0,2.0,3.0,2.0,2.0
o8svub7p,178,rmwpevci,5b7c56558c624800019ae89e,22.0,2.0,1.0,3.0,4.0,4.0,4.0,2.0,5.0,3.0,5.0,2.0,5.0,2.0,4.0,1.0,3.0,3.0,4.0,2.0,3.0,2.0,2.0
sizqpyj7,227,rmwpevci,629752e2c9be0a6a51ad59f4,21.0,2.0,1.0,2.0,4.0,4.0,4.0,5.0,5.0,5.0,4.0,2.0,4.0,2.0,3.0,4.0,4.0,5.0,5.0,3.0,3.0,2.0,2.0
m8yxq1cj,163,rmwpevci,5f83a366f29b4217a0dd1405,24.0,2.0,2.0,2.0,4.0,4.0,4.0,3.0,5.0,4.0,4.0,2.0,4.0,2.0,2.0,4.0,2.0,2.0,5.0,2.0,3.0,2.0,2.0
r7nfdhyq,209,rmwpevci,5813fc6c3b65a80001c0aca8,23.0,2.0,4.0,3.0,2.0,3.0,4.0,4.0,4.0,4.0,4.0,2.0,4.0,2.0,2.0,2.0,4.0,5.0,3.0,2.0,3.0,2.0,2.0
c64d4q66,80,rmwpevci,5f21ae6eef21ae5c8becdea7,30.0,2.0,4.0,3.0,4.0,1.0,5.0,3.0,5.0,2.0,5.0,2.0,5.0,1.0,5.0,1.0,5.0,3.0,5.0,4.0,4.0,4.0,1.0
zclue73y,297,rmwpevci,608fef0be7832b05dfd9d56d,22.0,2.0,4.0,1.0,1.0,4.0,2.0,4.0,4.0,5.0,4.0,2.0,5.0,4.0,4.0,4.0,4.0,5.0,3.0,2.0,2.0,3.0,2.0
z93in6yb,296,rmwpevci,60a9610cae689e66af400f01,25.0,2.0,4.0,2.0,1.0,4.0,3.0,3.0,4.0,4.0,4.0,3.0,3.0,2.0,2.0,3.0,3.0,1.0,3.0,2.0,3.0,1.0,2.0
wd8g2vfm,267,rmwpevci,5e9b959c77f86e0a8314b0e8,23.0,2.0,2.0,3.0,2.0,4.0,3.0,4.0,4.0,4.0,4.0,2.0,5.0,2.0,2.0,3.0,4.0,4.0,4.0,3.0,4.0,4.0,2.0
67dpkmo4,41,z680bwcy,5ef77e1ecf5fa4499c13bfbf,22.0,2.0,4.0,2.0,4.0,2.0,4.0,3.0,5.0,5.0,5.0,2.0,5.0,2.0,5.0,1.0,4.0,3.0,4.0,2.0,4.0,3.0,2.0
x7ytfrah,274,z680bwcy,668bbd86eb84b656cedf1271,21.0,2.0,4.0,1.0,2.0,3.0,4.0,5.0,5.0,5.0,5.0,2.0,5.0,2.0,2.0,1.0,2.0,3.0,4.0,4.0,4.0,4.0,2.0
aq1vpiyj,69,z680bwcy,63d8315e4de81b4e1add83d3,24.0,2.0,2.0,2.0,4.0,3.0,4.0,3.0,5.0,4.0,4.0,2.0,4.0,1.0,4.0,3.0,4.0,3.0,5.0,3.0,4.0,2.0,2.0
kdsi3dq9,148,z680bwcy,5db377e194f0e7000f3766e3,25.0,1.0,6.0,2.0,5.0,1.0,4.0,3.0,4.0,5.0,5.0,2.0,5.0,1.0,4.0,2.0,5.0,3.0,5.0,4.0,4.0,3.0,2.0
0z1p4xc6,8,z680bwcy,657b1ac8f219aa9a6748e296,27.0,1.0,2.0,2.0,4.0,4.0,4.0,3.0,5.0,5.0,4.0,2.0,5.0,2.0,4.0,2.0,5.0,4.0,4.0,2.0,1.0,1.0,2.0
k6e2t4ft,146,z680bwcy,667bd8ea31edbc9d2622cde0,19.0,1.0,4.0,1.0,4.0,3.0,5.0,3.0,5.0,4.0,5.0,2.0,5.0,2.0,4.0,3.0,3.0,4.0,4.0,4.0,4.0,3.0,1.0
gc2v2yjh,114,z680bwcy,615b1c5e45b80aa2a1576c72,21.0,1.0,1.0,2.0,4.0,2.0,4.0,2.0,5.0,3.0,5.0,2.0,5.0,2.0,4.0,1.0,4.0,2.0,5.0,5.0,5.0,5.0,1.0
ri50l36o,212,z680bwcy,66620e4c40c0a0a75437b0ae,22.0,1.0,2.0,2.0,4.0,3.0,4.0,2.0,5.0,4.0,5.0,2.0,4.0,2.0,4.0,2.0,2.0,4.0,5.0,4.0,5.0,4.0,2.0
yucmy5gd,289,z680bwcy,66803ef2ab5778aa6bb12ea5,21.0,1.0,4.0,1.0,4.0,2.0,4.0,2.0,5.0,4.0,5.0,2.0,4.0,1.0,3.0,2.0,5.0,2.0,4.0,2.0,4.0,1.0,2.0
yy6j8y56,291,z680bwcy,5b8bd52abca3400001fadce4,23.0,2.0,4.0,2.0,4.0,2.0,5.0,3.0,5.0,5.0,5.0,2.0,5.0,2.0,4.0,2.0,2.0,3.0,4.0,3.0,4.0,3.0,2.0
s678mo1z,220,z680bwcy,663a2a961b267607be722eba,18.0,1.0,4.0,1.0,4.0,4.0,5.0,3.0,4.0,4.0,4.0,2.0,5.0,2.0,2.0,2.0,4.0,2.0,4.0,3.0,5.0,4.0,1.0
8y00y2mh,59,z680bwcy,63d79c120d736e870e993b8c,22.0,3.0,1.0,1.0,3.0,4.0,5.0,3.0,5.0,5.0,5.0,3.0,4.0,1.0,5.0,1.0,5.0,3.0,5.0,3.0,4.0,4.0,2.0
jrso6dys,142,z680bwcy,5e4c1928f6829605fd644ebb,21.0,1.0,4.0,1.0,5.0,2.0,4.0,4.0,4.0,1.0,4.0,1.0,4.0,2.0,4.0,2.0,4.0,2.0,5.0,3.0,4.0,4.0,2.0
tu4c2ily,245,z680bwcy,665b2bbc57546a49a3fcd626,18.0,2.0,4.0,1.0,4.0,3.0,4.0,4.0,5.0,4.0,4.0,2.0,4.0,1.0,3.0,1.0,4.0,2.0,5.0,3.0,4.0,4.0,1.0
h9716m5x,121,z680bwcy,6658d2982faf93a372286bab,21.0,1.0,2.0,2.0,4.0,2.0,4.0,2.0,5.0,4.0,5.0,2.0,4.0,2.0,4.0,1.0,4.0,3.0,5.0,3.0,2.0,2.0,2.0
6t39l7q4,46,z680bwcy,60ecac6455f17d8d14077e43,22.0,1.0,2.0,2.0,4.0,2.0,4.0,1.0,5.0,4.0,3.0,2.0,4.0,1.0,2.0,2.0,4.0,2.0,5.0,3.0,4.0,2.0,2.0
ar8t6lh9,70,z680bwcy,6675ae7b36ebeeb1e2fde2a0,18.0,2.0,4.0,1.0,4.0,3.0,4.0,2.0,4.0,5.0,4.0,1.0,4.0,1.0,4.0,2.0,5.0,4.0,5.0,3.0,4.0,2.0,1.0
2m8s3d53,18,z680bwcy,66854caca8e9c862c3a141e8,24.0,2.0,2.0,2.0,2.0,4.0,4.0,3.0,5.0,5.0,4.0,2.0,5.0,1.0,2.0,3.0,2.0,3.0,4.0,3.0,3.0,3.0,2.0
gomdyrjt,116,z680bwcy,668bfc03a3529d7791c62b19,19.0,2.0,4.0,1.0,2.0,3.0,2.0,4.0,2.0,4.0,4.0,3.0,4.0,4.0,2.0,3.0,4.0,3.0,2.0,3.0,2.0,3.0,1.0
4hbmm99n,32,z680bwcy,6361897cbc4114b6a919fcf9,19.0,3.0,3.0,1.0,2.0,4.0,2.0,5.0,5.0,4.0,5.0,2.0,4.0,1.0,1.0,1.0,4.0,4.0,5.0,1.0,3.0,2.0,2.0
7pn2buqr,54,z680bwcy,63d3f940fcdb352e6bfd9715,21.0,2.0,4.0,1.0,2.0,4.0,4.0,4.0,3.0,4.0,3.0,4.0,4.0,4.0,2.0,3.0,4.0,4.0,4.0,3.0,3.0,2.0,2.0
ri9ddhpd,213,z680bwcy,5bfed68b7f1cfd0001d3a16b,28.0,2.0,4.0,5.0,2.0,2.0,5.0,3.0,5.0,5.0,5.0,2.0,4.0,1.0,1.0,2.0,5.0,2.0,4.0,4.0,4.0,3.0,2.0
qu4fr8kh,204,z680bwcy,6155dc72da2084bd9ba141ea,23.0,2.0,4.0,2.0,4.0,2.0,3.0,2.0,4.0,5.0,4.0,1.0,5.0,1.0,4.0,3.0,3.0,3.0,4.0,2.0,2.0,1.0,2.0
03a6nlzv,1,z680bwcy,6687bb749dd2d0b9f4b520f3,18.0,2.0,4.0,1.0,2.0,3.0,2.0,3.0,4.0,4.0,5.0,2.0,4.0,4.0,4.0,2.0,4.0,3.0,4.0,3.0,4.0,4.0,2.0
holwsq2p,127,z680bwcy,669036b0e956810e2ac83ad4,18.0,2.0,4.0,1.0,2.0,4.0,4.0,2.0,5.0,4.0,4.0,3.0,5.0,1.0,2.0,2.0,3.0,4.0,4.0,3.0,4.0,4.0,2.0
wcni0dzf,266,z680bwcy,6117bdb3ee7e7ca452e3199d,21.0,1.0,5.0,2.0,4.0,4.0,4.0,3.0,5.0,5.0,3.0,2.0,5.0,1.0,1.0,2.0,3.0,1.0,2.0,3.0,3.0,3.0,2.0
2eaac614,16,z680bwcy,665dd468241230e564877608,19.0,1.0,3.0,1.0,4.0,2.0,4.0,3.0,4.0,5.0,4.0,2.0,4.0,5.0,3.0,2.0,4.0,4.0,5.0,3.0,4.0,3.0,2.0
pzfnazgc,194,viz6yyz3,6658ea6af0f0787f8c8138a4,21.0,1.0,1.0,1.0,2.0,4.0,3.0,4.0,5.0,5.0,5.0,1.0,5.0,1.0,2.0,1.0,2.0,1.0,5.0,3.0,5.0,4.0,2.0
ytel6jer,288,viz6yyz3,62df57db36c1085c48f8d86c,26.0,2.0,4.0,2.0,3.0,2.0,4.0,1.0,4.0,3.0,4.0,2.0,5.0,2.0,4.0,2.0,4.0,2.0,4.0,3.0,3.0,3.0,2.0
kfviw9wq,149,viz6yyz3,666aef179e437c36fe074241,19.0,1.0,1.0,1.0,4.0,2.0,4.0,4.0,5.0,4.0,3.0,3.0,4.0,4.0,4.0,5.0,4.0,4.0,5.0,1.0,2.0,1.0,2.0
3177took,21,viz6yyz3,616f012ecf26b8c269c43152,21.0,3.0,4.0,1.0,5.0,2.0,4.0,2.0,4.0,3.0,4.0,3.0,4.0,1.0,4.0,1.0,5.0,3.0,4.0,3.0,5.0,4.0,2.0
